<?xml version="1.0" encoding="ISO-8859-1" ?>
<link_info>
   <banner>TI ARM Linker PC v18.1.1.LTS</banner>
   <copyright>Copyright (c) 1996-2017 Texas Instruments Incorporated</copyright>
   <link_time>0x5adfa90f</link_time>
   <link_errors>0x0</link_errors>
   <output_file>proje.out</output_file>
   <entry_point>
      <name>_c_int00_noinit_noargs</name>
      <address>0x133d</address>
   </entry_point>
   <input_file_list>
      <input_file id="fl-2">
         <path>.\</path>
         <kind>object</kind>
         <file>main.obj</file>
         <name>main.obj</name>
      </input_file>
      <input_file id="fl-3">
         <path>.\</path>
         <kind>object</kind>
         <file>tm4c123gh6pm_startup_ccs.obj</file>
         <name>tm4c123gh6pm_startup_ccs.obj</name>
      </input_file>
      <input_file id="fl-7">
         <kind>object</kind>
         <file>&lt;internal&gt;</file>
         <name>&lt;internal&gt;</name>
      </input_file>
      <input_file id="fl-bd">
         <path>C:\ti\ccsv8\tools\compiler\ti-cgt-arm_18.1.1.LTS\lib\</path>
         <kind>archive</kind>
         <file>rtsv7M4_T_le_v4SPD16_eabi.lib</file>
         <name>fd_add_t2.asm.obj</name>
      </input_file>
      <input_file id="fl-be">
         <path>C:\ti\ccsv8\tools\compiler\ti-cgt-arm_18.1.1.LTS\lib\</path>
         <kind>archive</kind>
         <file>rtsv7M4_T_le_v4SPD16_eabi.lib</file>
         <name>fd_cmp_t2.asm.obj</name>
      </input_file>
      <input_file id="fl-bf">
         <path>C:\ti\ccsv8\tools\compiler\ti-cgt-arm_18.1.1.LTS\lib\</path>
         <kind>archive</kind>
         <file>rtsv7M4_T_le_v4SPD16_eabi.lib</file>
         <name>fd_div_t2.asm.obj</name>
      </input_file>
      <input_file id="fl-c0">
         <path>C:\ti\ccsv8\tools\compiler\ti-cgt-arm_18.1.1.LTS\lib\</path>
         <kind>archive</kind>
         <file>rtsv7M4_T_le_v4SPD16_eabi.lib</file>
         <name>fd_mul_t2.asm.obj</name>
      </input_file>
      <input_file id="fl-c1">
         <path>C:\ti\ccsv8\tools\compiler\ti-cgt-arm_18.1.1.LTS\lib\</path>
         <kind>archive</kind>
         <file>rtsv7M4_T_le_v4SPD16_eabi.lib</file>
         <name>fd_toi_t2.asm.obj</name>
      </input_file>
      <input_file id="fl-c2">
         <path>C:\ti\ccsv8\tools\compiler\ti-cgt-arm_18.1.1.LTS\lib\</path>
         <kind>archive</kind>
         <file>rtsv7M4_T_le_v4SPD16_eabi.lib</file>
         <name>fd_tou_t2.asm.obj</name>
      </input_file>
      <input_file id="fl-c3">
         <path>C:\ti\ccsv8\tools\compiler\ti-cgt-arm_18.1.1.LTS\lib\</path>
         <kind>archive</kind>
         <file>rtsv7M4_T_le_v4SPD16_eabi.lib</file>
         <name>i_tofd_t2.asm.obj</name>
      </input_file>
      <input_file id="fl-c4">
         <path>C:\ti\ccsv8\tools\compiler\ti-cgt-arm_18.1.1.LTS\lib\</path>
         <kind>archive</kind>
         <file>rtsv7M4_T_le_v4SPD16_eabi.lib</file>
         <name>memcpy_t2.asm.obj</name>
      </input_file>
      <input_file id="fl-c5">
         <path>C:\ti\ccsv8\tools\compiler\ti-cgt-arm_18.1.1.LTS\lib\</path>
         <kind>archive</kind>
         <file>rtsv7M4_T_le_v4SPD16_eabi.lib</file>
         <name>copy_zero_init.c.obj</name>
      </input_file>
      <input_file id="fl-c6">
         <path>C:\ti\ccsv8\tools\compiler\ti-cgt-arm_18.1.1.LTS\lib\</path>
         <kind>archive</kind>
         <file>rtsv7M4_T_le_v4SPD16_eabi.lib</file>
         <name>copy_decompress_none.c.obj</name>
      </input_file>
      <input_file id="fl-c7">
         <path>C:\ti\ccsv8\tools\compiler\ti-cgt-arm_18.1.1.LTS\lib\</path>
         <kind>archive</kind>
         <file>rtsv7M4_T_le_v4SPD16_eabi.lib</file>
         <name>copy_decompress_lzss.c.obj</name>
      </input_file>
      <input_file id="fl-c8">
         <path>C:\ti\ccsv8\tools\compiler\ti-cgt-arm_18.1.1.LTS\lib\</path>
         <kind>archive</kind>
         <file>rtsv7M4_T_le_v4SPD16_eabi.lib</file>
         <name>boot_cortex_m.c.obj</name>
      </input_file>
      <input_file id="fl-c9">
         <path>C:\ti\ccsv8\tools\compiler\ti-cgt-arm_18.1.1.LTS\lib\</path>
         <kind>archive</kind>
         <file>rtsv7M4_T_le_v4SPD16_eabi.lib</file>
         <name>exit.c.obj</name>
      </input_file>
      <input_file id="fl-ca">
         <path>C:\ti\ccsv8\tools\compiler\ti-cgt-arm_18.1.1.LTS\lib\</path>
         <kind>archive</kind>
         <file>rtsv7M4_T_le_v4SPD16_eabi.lib</file>
         <name>_lock.c.obj</name>
      </input_file>
      <input_file id="fl-cb">
         <path>C:\ti\ccsv8\tools\compiler\ti-cgt-arm_18.1.1.LTS\lib\</path>
         <kind>archive</kind>
         <file>rtsv7M4_T_le_v4SPD16_eabi.lib</file>
         <name>args_main.c.obj</name>
      </input_file>
      <input_file id="fl-cc">
         <path>C:\ti\ccsv8\tools\compiler\ti-cgt-arm_18.1.1.LTS\lib\</path>
         <kind>archive</kind>
         <file>rtsv7M4_T_le_v4SPD16_eabi.lib</file>
         <name>memset_t2.asm.obj</name>
      </input_file>
      <input_file id="fl-cd">
         <path>C:\ti\ccsv8\tools\compiler\ti-cgt-arm_18.1.1.LTS\lib\</path>
         <kind>archive</kind>
         <file>rtsv7M4_T_le_v4SPD16_eabi.lib</file>
         <name>autoinit.c.obj</name>
      </input_file>
      <input_file id="fl-ce">
         <path>C:\ti\ccsv8\tools\compiler\ti-cgt-arm_18.1.1.LTS\lib\</path>
         <kind>archive</kind>
         <file>rtsv7M4_T_le_v4SPD16_eabi.lib</file>
         <name>pre_init.c.obj</name>
      </input_file>
      <input_file id="fl-cf">
         <path>C:\ti\ccsv8\tools\compiler\ti-cgt-arm_18.1.1.LTS\lib\</path>
         <kind>archive</kind>
         <file>rtsv7M4_T_le_v4SPD16_eabi.lib</file>
         <name>cpy_tbl.c.obj</name>
      </input_file>
   </input_file_list>
   <object_component_list>
      <object_component id="oc-f">
         <name>.intvecs</name>
         <load_address>0x0</load_address>
         <run_address>0x0</run_address>
         <size>0x26c</size>
         <input_file_ref idref="fl-3"/>
      </object_component>
      <object_component id="oc-98">
         <name>.text</name>
         <load_address>0x26c</load_address>
         <run_address>0x26c</run_address>
         <size>0xab4</size>
         <input_file_ref idref="fl-2"/>
      </object_component>
      <object_component id="oc-c5">
         <name>.text</name>
         <load_address>0xd20</load_address>
         <run_address>0xd20</run_address>
         <size>0x1b6</size>
         <input_file_ref idref="fl-bd"/>
      </object_component>
      <object_component id="oc-df">
         <name>.text</name>
         <load_address>0xed6</load_address>
         <run_address>0xed6</run_address>
         <size>0x136</size>
         <input_file_ref idref="fl-bf"/>
      </object_component>
      <object_component id="oc-d5">
         <name>.text</name>
         <load_address>0x100c</load_address>
         <run_address>0x100c</run_address>
         <size>0xfc</size>
         <input_file_ref idref="fl-c0"/>
      </object_component>
      <object_component id="oc-38">
         <name>.text</name>
         <load_address>0x1108</load_address>
         <run_address>0x1108</run_address>
         <size>0x9c</size>
         <input_file_ref idref="fl-c4"/>
      </object_component>
      <object_component id="oc-c0">
         <name>.text:__aeabi_cdcmple</name>
         <load_address>0x11a4</load_address>
         <run_address>0x11a4</run_address>
         <size>0x86</size>
         <input_file_ref idref="fl-be"/>
      </object_component>
      <object_component id="oc-da">
         <name>.text:__aeabi_cdrcmple</name>
         <load_address>0x122a</load_address>
         <run_address>0x122a</run_address>
         <size>0x86</size>
         <input_file_ref idref="fl-be"/>
      </object_component>
      <object_component id="oc-e4">
         <name>.text</name>
         <load_address>0x12b0</load_address>
         <run_address>0x12b0</run_address>
         <size>0x48</size>
         <input_file_ref idref="fl-c1"/>
      </object_component>
      <object_component id="oc-ca">
         <name>.text</name>
         <load_address>0x12f8</load_address>
         <run_address>0x12f8</run_address>
         <size>0x44</size>
         <input_file_ref idref="fl-c2"/>
      </object_component>
      <object_component id="oc-50">
         <name>.text:_c_int00_noinit_noargs:_c_int00_noinit_noargs</name>
         <load_address>0x133c</load_address>
         <run_address>0x133c</run_address>
         <size>0x30</size>
         <input_file_ref idref="fl-c8"/>
      </object_component>
      <object_component id="oc-e9">
         <name>.text</name>
         <load_address>0x136c</load_address>
         <run_address>0x136c</run_address>
         <size>0x2e</size>
         <input_file_ref idref="fl-c3"/>
      </object_component>
      <object_component id="oc-24">
         <name>.text</name>
         <load_address>0x139a</load_address>
         <run_address>0x139a</run_address>
         <size>0xc</size>
         <input_file_ref idref="fl-3"/>
      </object_component>
      <object_component id="oc-92">
         <name>.text:_system_pre_init</name>
         <load_address>0x13a6</load_address>
         <run_address>0x13a6</run_address>
         <size>0x4</size>
         <input_file_ref idref="fl-ce"/>
      </object_component>
      <object_component id="oc-ef">
         <name>.text:abort:abort</name>
         <load_address>0x13aa</load_address>
         <run_address>0x13aa</run_address>
         <size>0x4</size>
         <input_file_ref idref="fl-c9"/>
      </object_component>
      <object_component id="oc-cf">
         <name>.const:$P$T0$1</name>
         <load_address>0x13b0</load_address>
         <run_address>0x13b0</run_address>
         <size>0xb4</size>
         <input_file_ref idref="fl-2"/>
      </object_component>
      <object_component id="oc-d2">
         <name>.const:$P$T1$2</name>
         <load_address>0x1468</load_address>
         <run_address>0x1468</run_address>
         <size>0x48</size>
         <input_file_ref idref="fl-2"/>
      </object_component>
      <object_component id="oc-21">
         <name>.stack</name>
         <uninitialized>true</uninitialized>
         <run_address>0x20000000</run_address>
         <size>0x4</size>
         <input_file_ref idref="fl-c8"/>
      </object_component>
      <object_component id="oc-1b8">
         <name>.stack</name>
         <uninitialized>true</uninitialized>
         <run_address>0x20000000</run_address>
         <size>0x0</size>
      </object_component>
      <object_component id="oc-af">
         <name>.debug_info</name>
         <load_address>0x0</load_address>
         <run_address>0x0</run_address>
         <size>0x2f1</size>
         <input_file_ref idref="fl-2"/>
      </object_component>
      <object_component id="oc-d0">
         <name>.debug_info</name>
         <load_address>0x2f1</load_address>
         <run_address>0x2f1</run_address>
         <size>0xb6</size>
         <input_file_ref idref="fl-2"/>
      </object_component>
      <object_component id="oc-d3">
         <name>.debug_info</name>
         <load_address>0x3a7</load_address>
         <run_address>0x3a7</run_address>
         <size>0xb6</size>
         <input_file_ref idref="fl-2"/>
      </object_component>
      <object_component id="oc-99">
         <name>.debug_info</name>
         <load_address>0x45d</load_address>
         <run_address>0x45d</run_address>
         <size>0x1832</size>
         <input_file_ref idref="fl-2"/>
      </object_component>
      <object_component id="oc-6d">
         <name>.debug_info</name>
         <load_address>0x1c8f</load_address>
         <run_address>0x1c8f</run_address>
         <size>0x26b</size>
         <input_file_ref idref="fl-2"/>
      </object_component>
      <object_component id="oc-33">
         <name>.debug_info</name>
         <load_address>0x1efa</load_address>
         <run_address>0x1efa</run_address>
         <size>0x84</size>
         <input_file_ref idref="fl-2"/>
      </object_component>
      <object_component id="oc-aa">
         <name>.debug_info</name>
         <load_address>0x1f7e</load_address>
         <run_address>0x1f7e</run_address>
         <size>0x297</size>
         <input_file_ref idref="fl-2"/>
      </object_component>
      <object_component id="oc-72">
         <name>.debug_info</name>
         <load_address>0x2215</load_address>
         <run_address>0x2215</run_address>
         <size>0xbb</size>
         <input_file_ref idref="fl-2"/>
      </object_component>
      <object_component id="oc-12f">
         <name>.debug_info</name>
         <load_address>0x22d0</load_address>
         <run_address>0x22d0</run_address>
         <size>0xcc</size>
         <input_file_ref idref="fl-2"/>
      </object_component>
      <object_component id="oc-2c">
         <name>.debug_info</name>
         <load_address>0x239c</load_address>
         <run_address>0x239c</run_address>
         <size>0x296</size>
         <input_file_ref idref="fl-3"/>
      </object_component>
      <object_component id="oc-10">
         <name>.debug_info</name>
         <load_address>0x2632</load_address>
         <run_address>0x2632</run_address>
         <size>0xd5</size>
         <input_file_ref idref="fl-3"/>
      </object_component>
      <object_component id="oc-26">
         <name>.debug_info</name>
         <load_address>0x2707</load_address>
         <run_address>0x2707</run_address>
         <size>0x251</size>
         <input_file_ref idref="fl-3"/>
      </object_component>
      <object_component id="oc-c8">
         <name>.debug_info</name>
         <load_address>0x2958</load_address>
         <run_address>0x2958</run_address>
         <size>0x144</size>
         <input_file_ref idref="fl-bd"/>
      </object_component>
      <object_component id="oc-c3">
         <name>.debug_info</name>
         <load_address>0x2a9c</load_address>
         <run_address>0x2a9c</run_address>
         <size>0x120</size>
         <input_file_ref idref="fl-be"/>
      </object_component>
      <object_component id="oc-db">
         <name>.debug_info</name>
         <load_address>0x2bbc</load_address>
         <run_address>0x2bbc</run_address>
         <size>0x122</size>
         <input_file_ref idref="fl-be"/>
      </object_component>
      <object_component id="oc-e1">
         <name>.debug_info</name>
         <load_address>0x2cde</load_address>
         <run_address>0x2cde</run_address>
         <size>0x132</size>
         <input_file_ref idref="fl-bf"/>
      </object_component>
      <object_component id="oc-d7">
         <name>.debug_info</name>
         <load_address>0x2e10</load_address>
         <run_address>0x2e10</run_address>
         <size>0x132</size>
         <input_file_ref idref="fl-c0"/>
      </object_component>
      <object_component id="oc-e5">
         <name>.debug_info</name>
         <load_address>0x2f42</load_address>
         <run_address>0x2f42</run_address>
         <size>0x126</size>
         <input_file_ref idref="fl-c1"/>
      </object_component>
      <object_component id="oc-cb">
         <name>.debug_info</name>
         <load_address>0x3068</load_address>
         <run_address>0x3068</run_address>
         <size>0x131</size>
         <input_file_ref idref="fl-c2"/>
      </object_component>
      <object_component id="oc-ea">
         <name>.debug_info</name>
         <load_address>0x3199</load_address>
         <run_address>0x3199</run_address>
         <size>0x124</size>
         <input_file_ref idref="fl-c3"/>
      </object_component>
      <object_component id="oc-3a">
         <name>.debug_info</name>
         <load_address>0x32bd</load_address>
         <run_address>0x32bd</run_address>
         <size>0x111</size>
         <input_file_ref idref="fl-c4"/>
      </object_component>
      <object_component id="oc-22">
         <name>.debug_info</name>
         <load_address>0x33ce</load_address>
         <run_address>0x33ce</run_address>
         <size>0x100</size>
         <input_file_ref idref="fl-c8"/>
      </object_component>
      <object_component id="oc-51">
         <name>.debug_info</name>
         <load_address>0x34ce</load_address>
         <run_address>0x34ce</run_address>
         <size>0x19d</size>
         <input_file_ref idref="fl-c8"/>
      </object_component>
      <object_component id="oc-f2">
         <name>.debug_info</name>
         <load_address>0x366b</load_address>
         <run_address>0x366b</run_address>
         <size>0x117</size>
         <input_file_ref idref="fl-c9"/>
      </object_component>
      <object_component id="oc-95">
         <name>.debug_info</name>
         <load_address>0x3782</load_address>
         <run_address>0x3782</run_address>
         <size>0x148</size>
         <input_file_ref idref="fl-ce"/>
      </object_component>
      <object_component id="oc-1b9">
         <name>.debug_info</name>
         <load_address>0x38ca</load_address>
         <run_address>0x38ca</run_address>
         <size>0x8b</size>
      </object_component>
      <object_component id="oc-12e">
         <name>.debug_line</name>
         <load_address>0x0</load_address>
         <run_address>0x0</run_address>
         <size>0x20</size>
         <input_file_ref idref="fl-2"/>
      </object_component>
      <object_component id="oc-138">
         <name>.debug_line</name>
         <load_address>0x20</load_address>
         <run_address>0x20</run_address>
         <size>0x2d</size>
         <input_file_ref idref="fl-2"/>
      </object_component>
      <object_component id="oc-13a">
         <name>.debug_line</name>
         <load_address>0x4d</load_address>
         <run_address>0x4d</run_address>
         <size>0x2d</size>
         <input_file_ref idref="fl-2"/>
      </object_component>
      <object_component id="oc-9d">
         <name>.debug_line</name>
         <load_address>0x7a</load_address>
         <run_address>0x7a</run_address>
         <size>0x632</size>
         <input_file_ref idref="fl-2"/>
      </object_component>
      <object_component id="oc-70">
         <name>.debug_line</name>
         <load_address>0x6ac</load_address>
         <run_address>0x6ac</run_address>
         <size>0x69</size>
         <input_file_ref idref="fl-2"/>
      </object_component>
      <object_component id="oc-36">
         <name>.debug_line</name>
         <load_address>0x715</load_address>
         <run_address>0x715</run_address>
         <size>0x20</size>
         <input_file_ref idref="fl-2"/>
      </object_component>
      <object_component id="oc-ad">
         <name>.debug_line</name>
         <load_address>0x735</load_address>
         <run_address>0x735</run_address>
         <size>0x6d</size>
         <input_file_ref idref="fl-2"/>
      </object_component>
      <object_component id="oc-75">
         <name>.debug_line</name>
         <load_address>0x7a2</load_address>
         <run_address>0x7a2</run_address>
         <size>0x6a</size>
         <input_file_ref idref="fl-2"/>
      </object_component>
      <object_component id="oc-132">
         <name>.debug_line</name>
         <load_address>0x80c</load_address>
         <run_address>0x80c</run_address>
         <size>0x64</size>
         <input_file_ref idref="fl-2"/>
      </object_component>
      <object_component id="oc-6c">
         <name>.debug_line</name>
         <load_address>0x870</load_address>
         <run_address>0x870</run_address>
         <size>0x41</size>
         <input_file_ref idref="fl-3"/>
      </object_component>
      <object_component id="oc-2b">
         <name>.debug_line</name>
         <load_address>0x8b1</load_address>
         <run_address>0x8b1</run_address>
         <size>0x41</size>
         <input_file_ref idref="fl-3"/>
      </object_component>
      <object_component id="oc-29">
         <name>.debug_line</name>
         <load_address>0x8f2</load_address>
         <run_address>0x8f2</run_address>
         <size>0xa1</size>
         <input_file_ref idref="fl-3"/>
      </object_component>
      <object_component id="oc-c6">
         <name>.debug_line</name>
         <load_address>0x993</load_address>
         <run_address>0x993</run_address>
         <size>0xd2</size>
         <input_file_ref idref="fl-bd"/>
      </object_component>
      <object_component id="oc-c2">
         <name>.debug_line</name>
         <load_address>0xa65</load_address>
         <run_address>0xa65</run_address>
         <size>0x77</size>
         <input_file_ref idref="fl-be"/>
      </object_component>
      <object_component id="oc-de">
         <name>.debug_line</name>
         <load_address>0xadc</load_address>
         <run_address>0xadc</run_address>
         <size>0x77</size>
         <input_file_ref idref="fl-be"/>
      </object_component>
      <object_component id="oc-e0">
         <name>.debug_line</name>
         <load_address>0xb53</load_address>
         <run_address>0xb53</run_address>
         <size>0xa8</size>
         <input_file_ref idref="fl-bf"/>
      </object_component>
      <object_component id="oc-d6">
         <name>.debug_line</name>
         <load_address>0xbfb</load_address>
         <run_address>0xbfb</run_address>
         <size>0x8e</size>
         <input_file_ref idref="fl-c0"/>
      </object_component>
      <object_component id="oc-e8">
         <name>.debug_line</name>
         <load_address>0xc89</load_address>
         <run_address>0xc89</run_address>
         <size>0x5a</size>
         <input_file_ref idref="fl-c1"/>
      </object_component>
      <object_component id="oc-ce">
         <name>.debug_line</name>
         <load_address>0xce3</load_address>
         <run_address>0xce3</run_address>
         <size>0x59</size>
         <input_file_ref idref="fl-c2"/>
      </object_component>
      <object_component id="oc-ed">
         <name>.debug_line</name>
         <load_address>0xd3c</load_address>
         <run_address>0xd3c</run_address>
         <size>0x50</size>
         <input_file_ref idref="fl-c3"/>
      </object_component>
      <object_component id="oc-3c">
         <name>.debug_line</name>
         <load_address>0xd8c</load_address>
         <run_address>0xd8c</run_address>
         <size>0x88</size>
         <input_file_ref idref="fl-c4"/>
      </object_component>
      <object_component id="oc-69">
         <name>.debug_line</name>
         <load_address>0xe14</load_address>
         <run_address>0xe14</run_address>
         <size>0x33</size>
         <input_file_ref idref="fl-c8"/>
      </object_component>
      <object_component id="oc-54">
         <name>.debug_line</name>
         <load_address>0xe47</load_address>
         <run_address>0xe47</run_address>
         <size>0x55</size>
         <input_file_ref idref="fl-c8"/>
      </object_component>
      <object_component id="oc-f1">
         <name>.debug_line</name>
         <load_address>0xe9c</load_address>
         <run_address>0xe9c</run_address>
         <size>0x3c</size>
         <input_file_ref idref="fl-c9"/>
      </object_component>
      <object_component id="oc-93">
         <name>.debug_line</name>
         <load_address>0xed8</load_address>
         <run_address>0xed8</run_address>
         <size>0x40</size>
         <input_file_ref idref="fl-ce"/>
      </object_component>
      <object_component id="oc-9c">
         <name>.debug_frame</name>
         <load_address>0x0</load_address>
         <run_address>0x0</run_address>
         <size>0x280</size>
         <input_file_ref idref="fl-2"/>
      </object_component>
      <object_component id="oc-28">
         <name>.debug_frame</name>
         <load_address>0x280</load_address>
         <run_address>0x280</run_address>
         <size>0x90</size>
         <input_file_ref idref="fl-3"/>
      </object_component>
      <object_component id="oc-55">
         <name>.debug_frame</name>
         <load_address>0x310</load_address>
         <run_address>0x310</run_address>
         <size>0x58</size>
         <input_file_ref idref="fl-c8"/>
      </object_component>
      <object_component id="oc-f4">
         <name>.debug_frame</name>
         <load_address>0x368</load_address>
         <run_address>0x368</run_address>
         <size>0x54</size>
         <input_file_ref idref="fl-c9"/>
      </object_component>
      <object_component id="oc-94">
         <name>.debug_frame</name>
         <load_address>0x3bc</load_address>
         <run_address>0x3bc</run_address>
         <size>0x54</size>
         <input_file_ref idref="fl-ce"/>
      </object_component>
      <object_component id="oc-12d">
         <name>.debug_abbrev</name>
         <load_address>0x0</load_address>
         <run_address>0x0</run_address>
         <size>0x78</size>
         <input_file_ref idref="fl-2"/>
      </object_component>
      <object_component id="oc-137">
         <name>.debug_abbrev</name>
         <load_address>0x78</load_address>
         <run_address>0x78</run_address>
         <size>0x27</size>
         <input_file_ref idref="fl-2"/>
      </object_component>
      <object_component id="oc-139">
         <name>.debug_abbrev</name>
         <load_address>0x9f</load_address>
         <run_address>0x9f</run_address>
         <size>0x27</size>
         <input_file_ref idref="fl-2"/>
      </object_component>
      <object_component id="oc-ee">
         <name>.debug_abbrev</name>
         <load_address>0xc6</load_address>
         <run_address>0xc6</run_address>
         <size>0x178</size>
         <input_file_ref idref="fl-2"/>
      </object_component>
      <object_component id="oc-6f">
         <name>.debug_abbrev</name>
         <load_address>0x23e</load_address>
         <run_address>0x23e</run_address>
         <size>0x69</size>
         <input_file_ref idref="fl-2"/>
      </object_component>
      <object_component id="oc-35">
         <name>.debug_abbrev</name>
         <load_address>0x2a7</load_address>
         <run_address>0x2a7</run_address>
         <size>0x1f</size>
         <input_file_ref idref="fl-2"/>
      </object_component>
      <object_component id="oc-ac">
         <name>.debug_abbrev</name>
         <load_address>0x2c6</load_address>
         <run_address>0x2c6</run_address>
         <size>0x5c</size>
         <input_file_ref idref="fl-2"/>
      </object_component>
      <object_component id="oc-74">
         <name>.debug_abbrev</name>
         <load_address>0x322</load_address>
         <run_address>0x322</run_address>
         <size>0x24</size>
         <input_file_ref idref="fl-2"/>
      </object_component>
      <object_component id="oc-131">
         <name>.debug_abbrev</name>
         <load_address>0x346</load_address>
         <run_address>0x346</run_address>
         <size>0x5c</size>
         <input_file_ref idref="fl-2"/>
      </object_component>
      <object_component id="oc-6b">
         <name>.debug_abbrev</name>
         <load_address>0x3a2</load_address>
         <run_address>0x3a2</run_address>
         <size>0x68</size>
         <input_file_ref idref="fl-3"/>
      </object_component>
      <object_component id="oc-2a">
         <name>.debug_abbrev</name>
         <load_address>0x40a</load_address>
         <run_address>0x40a</run_address>
         <size>0x29</size>
         <input_file_ref idref="fl-3"/>
      </object_component>
      <object_component id="oc-6a">
         <name>.debug_abbrev</name>
         <load_address>0x433</load_address>
         <run_address>0x433</run_address>
         <size>0x79</size>
         <input_file_ref idref="fl-3"/>
      </object_component>
      <object_component id="oc-135">
         <name>.debug_abbrev</name>
         <load_address>0x4ac</load_address>
         <run_address>0x4ac</run_address>
         <size>0x3c</size>
         <input_file_ref idref="fl-bd"/>
      </object_component>
      <object_component id="oc-134">
         <name>.debug_abbrev</name>
         <load_address>0x4e8</load_address>
         <run_address>0x4e8</run_address>
         <size>0x3c</size>
         <input_file_ref idref="fl-be"/>
      </object_component>
      <object_component id="oc-13c">
         <name>.debug_abbrev</name>
         <load_address>0x524</load_address>
         <run_address>0x524</run_address>
         <size>0x3c</size>
         <input_file_ref idref="fl-be"/>
      </object_component>
      <object_component id="oc-13d">
         <name>.debug_abbrev</name>
         <load_address>0x560</load_address>
         <run_address>0x560</run_address>
         <size>0x3c</size>
         <input_file_ref idref="fl-bf"/>
      </object_component>
      <object_component id="oc-13b">
         <name>.debug_abbrev</name>
         <load_address>0x59c</load_address>
         <run_address>0x59c</run_address>
         <size>0x3c</size>
         <input_file_ref idref="fl-c0"/>
      </object_component>
      <object_component id="oc-13e">
         <name>.debug_abbrev</name>
         <load_address>0x5d8</load_address>
         <run_address>0x5d8</run_address>
         <size>0x3c</size>
         <input_file_ref idref="fl-c1"/>
      </object_component>
      <object_component id="oc-136">
         <name>.debug_abbrev</name>
         <load_address>0x614</load_address>
         <run_address>0x614</run_address>
         <size>0x4a</size>
         <input_file_ref idref="fl-c2"/>
      </object_component>
      <object_component id="oc-13f">
         <name>.debug_abbrev</name>
         <load_address>0x65e</load_address>
         <run_address>0x65e</run_address>
         <size>0x3e</size>
         <input_file_ref idref="fl-c3"/>
      </object_component>
      <object_component id="oc-7d">
         <name>.debug_abbrev</name>
         <load_address>0x69c</load_address>
         <run_address>0x69c</run_address>
         <size>0x3e</size>
         <input_file_ref idref="fl-c4"/>
      </object_component>
      <object_component id="oc-68">
         <name>.debug_abbrev</name>
         <load_address>0x6da</load_address>
         <run_address>0x6da</run_address>
         <size>0x29</size>
         <input_file_ref idref="fl-c8"/>
      </object_component>
      <object_component id="oc-9f">
         <name>.debug_abbrev</name>
         <load_address>0x703</load_address>
         <run_address>0x703</run_address>
         <size>0x61</size>
         <input_file_ref idref="fl-c8"/>
      </object_component>
      <object_component id="oc-140">
         <name>.debug_abbrev</name>
         <load_address>0x764</load_address>
         <run_address>0x764</run_address>
         <size>0x45</size>
         <input_file_ref idref="fl-c9"/>
      </object_component>
      <object_component id="oc-bf">
         <name>.debug_abbrev</name>
         <load_address>0x7a9</load_address>
         <run_address>0x7a9</run_address>
         <size>0x55</size>
         <input_file_ref idref="fl-ce"/>
      </object_component>
      <object_component id="oc-1ba">
         <name>.debug_abbrev</name>
         <load_address>0x7fe</load_address>
         <run_address>0x7fe</run_address>
         <size>0xf</size>
      </object_component>
      <object_component id="oc-71">
         <name>.debug_str</name>
         <load_address>0x0</load_address>
         <run_address>0x0</run_address>
         <size>0x293</size>
         <input_file_ref idref="fl-2"/>
      </object_component>
      <object_component id="oc-37">
         <name>.debug_str</name>
         <load_address>0x293</load_address>
         <run_address>0x293</run_address>
         <size>0xfa</size>
         <input_file_ref idref="fl-2"/>
      </object_component>
      <object_component id="oc-ae">
         <name>.debug_str</name>
         <load_address>0x38d</load_address>
         <run_address>0x38d</run_address>
         <size>0x322</size>
         <input_file_ref idref="fl-2"/>
      </object_component>
      <object_component id="oc-76">
         <name>.debug_str</name>
         <load_address>0x6af</load_address>
         <run_address>0x6af</run_address>
         <size>0x12b</size>
         <input_file_ref idref="fl-2"/>
      </object_component>
      <object_component id="oc-133">
         <name>.debug_str</name>
         <load_address>0x7da</load_address>
         <run_address>0x7da</run_address>
         <size>0xfa</size>
         <input_file_ref idref="fl-2"/>
      </object_component>
      <object_component id="oc-9a">
         <name>.debug_aranges</name>
         <load_address>0x0</load_address>
         <run_address>0x0</run_address>
         <size>0xc8</size>
         <input_file_ref idref="fl-2"/>
      </object_component>
      <object_component id="oc-25">
         <name>.debug_aranges</name>
         <load_address>0xc8</load_address>
         <run_address>0xc8</run_address>
         <size>0x38</size>
         <input_file_ref idref="fl-3"/>
      </object_component>
      <object_component id="oc-c7">
         <name>.debug_aranges</name>
         <load_address>0x100</load_address>
         <run_address>0x100</run_address>
         <size>0x20</size>
         <input_file_ref idref="fl-bd"/>
      </object_component>
      <object_component id="oc-c1">
         <name>.debug_aranges</name>
         <load_address>0x120</load_address>
         <run_address>0x120</run_address>
         <size>0x20</size>
         <input_file_ref idref="fl-be"/>
      </object_component>
      <object_component id="oc-dd">
         <name>.debug_aranges</name>
         <load_address>0x140</load_address>
         <run_address>0x140</run_address>
         <size>0x20</size>
         <input_file_ref idref="fl-be"/>
      </object_component>
      <object_component id="oc-e2">
         <name>.debug_aranges</name>
         <load_address>0x160</load_address>
         <run_address>0x160</run_address>
         <size>0x20</size>
         <input_file_ref idref="fl-bf"/>
      </object_component>
      <object_component id="oc-d9">
         <name>.debug_aranges</name>
         <load_address>0x180</load_address>
         <run_address>0x180</run_address>
         <size>0x20</size>
         <input_file_ref idref="fl-c0"/>
      </object_component>
      <object_component id="oc-e7">
         <name>.debug_aranges</name>
         <load_address>0x1a0</load_address>
         <run_address>0x1a0</run_address>
         <size>0x20</size>
         <input_file_ref idref="fl-c1"/>
      </object_component>
      <object_component id="oc-cd">
         <name>.debug_aranges</name>
         <load_address>0x1c0</load_address>
         <run_address>0x1c0</run_address>
         <size>0x20</size>
         <input_file_ref idref="fl-c2"/>
      </object_component>
      <object_component id="oc-ec">
         <name>.debug_aranges</name>
         <load_address>0x1e0</load_address>
         <run_address>0x1e0</run_address>
         <size>0x20</size>
         <input_file_ref idref="fl-c3"/>
      </object_component>
      <object_component id="oc-39">
         <name>.debug_aranges</name>
         <load_address>0x200</load_address>
         <run_address>0x200</run_address>
         <size>0x20</size>
         <input_file_ref idref="fl-c4"/>
      </object_component>
      <object_component id="oc-52">
         <name>.debug_aranges</name>
         <load_address>0x220</load_address>
         <run_address>0x220</run_address>
         <size>0x20</size>
         <input_file_ref idref="fl-c8"/>
      </object_component>
      <object_component id="oc-f0">
         <name>.debug_aranges</name>
         <load_address>0x240</load_address>
         <run_address>0x240</run_address>
         <size>0x20</size>
         <input_file_ref idref="fl-c9"/>
      </object_component>
      <object_component id="oc-96">
         <name>.debug_aranges</name>
         <load_address>0x260</load_address>
         <run_address>0x260</run_address>
         <size>0x20</size>
         <input_file_ref idref="fl-ce"/>
      </object_component>
      <object_component id="oc-d1">
         <name>.debug_pubnames</name>
         <load_address>0x0</load_address>
         <run_address>0x0</run_address>
         <size>0x1e</size>
         <input_file_ref idref="fl-2"/>
      </object_component>
      <object_component id="oc-d4">
         <name>.debug_pubnames</name>
         <load_address>0x1e</load_address>
         <run_address>0x1e</run_address>
         <size>0x1e</size>
         <input_file_ref idref="fl-2"/>
      </object_component>
      <object_component id="oc-9b">
         <name>.debug_pubnames</name>
         <load_address>0x3c</load_address>
         <run_address>0x3c</run_address>
         <size>0x183</size>
         <input_file_ref idref="fl-2"/>
      </object_component>
      <object_component id="oc-11">
         <name>.debug_pubnames</name>
         <load_address>0x1bf</load_address>
         <run_address>0x1bf</run_address>
         <size>0x23</size>
         <input_file_ref idref="fl-3"/>
      </object_component>
      <object_component id="oc-27">
         <name>.debug_pubnames</name>
         <load_address>0x1e2</load_address>
         <run_address>0x1e2</run_address>
         <size>0x4c</size>
         <input_file_ref idref="fl-3"/>
      </object_component>
      <object_component id="oc-c9">
         <name>.debug_pubnames</name>
         <load_address>0x22e</load_address>
         <run_address>0x22e</run_address>
         <size>0x23</size>
         <input_file_ref idref="fl-bd"/>
      </object_component>
      <object_component id="oc-c4">
         <name>.debug_pubnames</name>
         <load_address>0x251</load_address>
         <run_address>0x251</run_address>
         <size>0x26</size>
         <input_file_ref idref="fl-be"/>
      </object_component>
      <object_component id="oc-dc">
         <name>.debug_pubnames</name>
         <load_address>0x277</load_address>
         <run_address>0x277</run_address>
         <size>0x27</size>
         <input_file_ref idref="fl-be"/>
      </object_component>
      <object_component id="oc-e3">
         <name>.debug_pubnames</name>
         <load_address>0x29e</load_address>
         <run_address>0x29e</run_address>
         <size>0x23</size>
         <input_file_ref idref="fl-bf"/>
      </object_component>
      <object_component id="oc-d8">
         <name>.debug_pubnames</name>
         <load_address>0x2c1</load_address>
         <run_address>0x2c1</run_address>
         <size>0x23</size>
         <input_file_ref idref="fl-c0"/>
      </object_component>
      <object_component id="oc-e6">
         <name>.debug_pubnames</name>
         <load_address>0x2e4</load_address>
         <run_address>0x2e4</run_address>
         <size>0x23</size>
         <input_file_ref idref="fl-c1"/>
      </object_component>
      <object_component id="oc-cc">
         <name>.debug_pubnames</name>
         <load_address>0x307</load_address>
         <run_address>0x307</run_address>
         <size>0x24</size>
         <input_file_ref idref="fl-c2"/>
      </object_component>
      <object_component id="oc-eb">
         <name>.debug_pubnames</name>
         <load_address>0x32b</load_address>
         <run_address>0x32b</run_address>
         <size>0x22</size>
         <input_file_ref idref="fl-c3"/>
      </object_component>
      <object_component id="oc-3b">
         <name>.debug_pubnames</name>
         <load_address>0x34d</load_address>
         <run_address>0x34d</run_address>
         <size>0x1d</size>
         <input_file_ref idref="fl-c4"/>
      </object_component>
      <object_component id="oc-23">
         <name>.debug_pubnames</name>
         <load_address>0x36a</load_address>
         <run_address>0x36a</run_address>
         <size>0x1e</size>
         <input_file_ref idref="fl-c8"/>
      </object_component>
      <object_component id="oc-53">
         <name>.debug_pubnames</name>
         <load_address>0x388</load_address>
         <run_address>0x388</run_address>
         <size>0x2d</size>
         <input_file_ref idref="fl-c8"/>
      </object_component>
      <object_component id="oc-f3">
         <name>.debug_pubnames</name>
         <load_address>0x3b5</load_address>
         <run_address>0x3b5</run_address>
         <size>0x1c</size>
         <input_file_ref idref="fl-c9"/>
      </object_component>
      <object_component id="oc-97">
         <name>.debug_pubnames</name>
         <load_address>0x3d1</load_address>
         <run_address>0x3d1</run_address>
         <size>0x27</size>
         <input_file_ref idref="fl-ce"/>
      </object_component>
      <object_component id="oc-6e">
         <name>.debug_pubtypes</name>
         <load_address>0x0</load_address>
         <run_address>0x0</run_address>
         <size>0x25c</size>
         <input_file_ref idref="fl-2"/>
      </object_component>
      <object_component id="oc-34">
         <name>.debug_pubtypes</name>
         <load_address>0x25c</load_address>
         <run_address>0x25c</run_address>
         <size>0xed</size>
         <input_file_ref idref="fl-2"/>
      </object_component>
      <object_component id="oc-ab">
         <name>.debug_pubtypes</name>
         <load_address>0x349</load_address>
         <run_address>0x349</run_address>
         <size>0x325</size>
         <input_file_ref idref="fl-2"/>
      </object_component>
      <object_component id="oc-73">
         <name>.debug_pubtypes</name>
         <load_address>0x66e</load_address>
         <run_address>0x66e</run_address>
         <size>0xaa</size>
         <input_file_ref idref="fl-2"/>
      </object_component>
      <object_component id="oc-130">
         <name>.debug_pubtypes</name>
         <load_address>0x718</load_address>
         <run_address>0x718</run_address>
         <size>0x3d</size>
         <input_file_ref idref="fl-2"/>
      </object_component>
   </object_component_list>
   <logical_group_list>
      <logical_group id="lg-3" display="no" color="cyan">
         <name>.intvecs</name>
         <load_address>0x0</load_address>
         <run_address>0x0</run_address>
         <size>0x26c</size>
         <contents>
            <object_component_ref idref="oc-f"/>
         </contents>
      </logical_group>
      <logical_group id="lg-4" display="no" color="cyan">
         <name>.text</name>
         <load_address>0x26c</load_address>
         <run_address>0x26c</run_address>
         <size>0x1142</size>
         <contents>
            <object_component_ref idref="oc-98"/>
            <object_component_ref idref="oc-c5"/>
            <object_component_ref idref="oc-df"/>
            <object_component_ref idref="oc-d5"/>
            <object_component_ref idref="oc-38"/>
            <object_component_ref idref="oc-c0"/>
            <object_component_ref idref="oc-da"/>
            <object_component_ref idref="oc-e4"/>
            <object_component_ref idref="oc-ca"/>
            <object_component_ref idref="oc-50"/>
            <object_component_ref idref="oc-e9"/>
            <object_component_ref idref="oc-24"/>
            <object_component_ref idref="oc-92"/>
            <object_component_ref idref="oc-ef"/>
         </contents>
      </logical_group>
      <logical_group id="lg-5" display="no" color="cyan">
         <name>.const</name>
         <load_address>0x13b0</load_address>
         <run_address>0x13b0</run_address>
         <size>0x100</size>
         <contents>
            <object_component_ref idref="oc-cf"/>
            <object_component_ref idref="oc-d2"/>
         </contents>
      </logical_group>
      <logical_group id="lg-6" display="no" color="cyan">
         <name>.cinit</name>
         <run_address>0x0</run_address>
         <size>0x0</size>
         <contents>
         </contents>
      </logical_group>
      <logical_group id="lg-7" display="no" color="cyan">
         <name>.pinit</name>
         <run_address>0x0</run_address>
         <size>0x0</size>
         <contents>
         </contents>
      </logical_group>
      <logical_group id="lg-8" display="no" color="cyan">
         <name>.init_array</name>
         <run_address>0x0</run_address>
         <size>0x0</size>
         <contents>
         </contents>
      </logical_group>
      <logical_group id="lg-9" display="no" color="cyan">
         <name>.vtable</name>
         <run_address>0x0</run_address>
         <size>0x0</size>
         <contents>
         </contents>
      </logical_group>
      <logical_group id="lg-a" display="no" color="cyan">
         <name>.data</name>
         <run_address>0x0</run_address>
         <size>0x0</size>
         <contents>
         </contents>
      </logical_group>
      <logical_group id="lg-b" display="no" color="cyan">
         <name>.bss</name>
         <run_address>0x0</run_address>
         <size>0x0</size>
         <contents>
         </contents>
      </logical_group>
      <logical_group id="lg-c" display="no" color="cyan">
         <name>.sysmem</name>
         <run_address>0x0</run_address>
         <size>0x0</size>
         <contents>
         </contents>
      </logical_group>
      <logical_group id="lg-d" display="no" color="cyan">
         <name>.stack</name>
         <run_address>0x20000000</run_address>
         <size>0x200</size>
         <contents>
            <object_component_ref idref="oc-21"/>
            <object_component_ref idref="oc-1b8"/>
         </contents>
      </logical_group>
      <logical_group id="lg-190" display="no" color="cyan">
         <name>.TI.noinit</name>
         <run_address>0x0</run_address>
         <size>0x0</size>
         <contents>
         </contents>
      </logical_group>
      <logical_group id="lg-191" display="no" color="cyan">
         <name>.TI.persistent</name>
         <run_address>0x0</run_address>
         <size>0x0</size>
         <contents>
         </contents>
      </logical_group>
      <logical_group id="lg-19f" display="never" color="cyan">
         <name>.debug_info</name>
         <load_address>0x0</load_address>
         <run_address>0x0</run_address>
         <size>0x3955</size>
         <contents>
            <object_component_ref idref="oc-af"/>
            <object_component_ref idref="oc-d0"/>
            <object_component_ref idref="oc-d3"/>
            <object_component_ref idref="oc-99"/>
            <object_component_ref idref="oc-6d"/>
            <object_component_ref idref="oc-33"/>
            <object_component_ref idref="oc-aa"/>
            <object_component_ref idref="oc-72"/>
            <object_component_ref idref="oc-12f"/>
            <object_component_ref idref="oc-2c"/>
            <object_component_ref idref="oc-10"/>
            <object_component_ref idref="oc-26"/>
            <object_component_ref idref="oc-c8"/>
            <object_component_ref idref="oc-c3"/>
            <object_component_ref idref="oc-db"/>
            <object_component_ref idref="oc-e1"/>
            <object_component_ref idref="oc-d7"/>
            <object_component_ref idref="oc-e5"/>
            <object_component_ref idref="oc-cb"/>
            <object_component_ref idref="oc-ea"/>
            <object_component_ref idref="oc-3a"/>
            <object_component_ref idref="oc-22"/>
            <object_component_ref idref="oc-51"/>
            <object_component_ref idref="oc-f2"/>
            <object_component_ref idref="oc-95"/>
            <object_component_ref idref="oc-1b9"/>
         </contents>
      </logical_group>
      <logical_group id="lg-1a1" display="never" color="cyan">
         <name>.debug_line</name>
         <load_address>0x0</load_address>
         <run_address>0x0</run_address>
         <size>0xf18</size>
         <contents>
            <object_component_ref idref="oc-12e"/>
            <object_component_ref idref="oc-138"/>
            <object_component_ref idref="oc-13a"/>
            <object_component_ref idref="oc-9d"/>
            <object_component_ref idref="oc-70"/>
            <object_component_ref idref="oc-36"/>
            <object_component_ref idref="oc-ad"/>
            <object_component_ref idref="oc-75"/>
            <object_component_ref idref="oc-132"/>
            <object_component_ref idref="oc-6c"/>
            <object_component_ref idref="oc-2b"/>
            <object_component_ref idref="oc-29"/>
            <object_component_ref idref="oc-c6"/>
            <object_component_ref idref="oc-c2"/>
            <object_component_ref idref="oc-de"/>
            <object_component_ref idref="oc-e0"/>
            <object_component_ref idref="oc-d6"/>
            <object_component_ref idref="oc-e8"/>
            <object_component_ref idref="oc-ce"/>
            <object_component_ref idref="oc-ed"/>
            <object_component_ref idref="oc-3c"/>
            <object_component_ref idref="oc-69"/>
            <object_component_ref idref="oc-54"/>
            <object_component_ref idref="oc-f1"/>
            <object_component_ref idref="oc-93"/>
         </contents>
      </logical_group>
      <logical_group id="lg-1a3" display="never" color="cyan">
         <name>.debug_frame</name>
         <load_address>0x0</load_address>
         <run_address>0x0</run_address>
         <size>0x410</size>
         <contents>
            <object_component_ref idref="oc-9c"/>
            <object_component_ref idref="oc-28"/>
            <object_component_ref idref="oc-55"/>
            <object_component_ref idref="oc-f4"/>
            <object_component_ref idref="oc-94"/>
         </contents>
      </logical_group>
      <logical_group id="lg-1a5" display="never" color="cyan">
         <name>.debug_abbrev</name>
         <load_address>0x0</load_address>
         <run_address>0x0</run_address>
         <size>0x80d</size>
         <contents>
            <object_component_ref idref="oc-12d"/>
            <object_component_ref idref="oc-137"/>
            <object_component_ref idref="oc-139"/>
            <object_component_ref idref="oc-ee"/>
            <object_component_ref idref="oc-6f"/>
            <object_component_ref idref="oc-35"/>
            <object_component_ref idref="oc-ac"/>
            <object_component_ref idref="oc-74"/>
            <object_component_ref idref="oc-131"/>
            <object_component_ref idref="oc-6b"/>
            <object_component_ref idref="oc-2a"/>
            <object_component_ref idref="oc-6a"/>
            <object_component_ref idref="oc-135"/>
            <object_component_ref idref="oc-134"/>
            <object_component_ref idref="oc-13c"/>
            <object_component_ref idref="oc-13d"/>
            <object_component_ref idref="oc-13b"/>
            <object_component_ref idref="oc-13e"/>
            <object_component_ref idref="oc-136"/>
            <object_component_ref idref="oc-13f"/>
            <object_component_ref idref="oc-7d"/>
            <object_component_ref idref="oc-68"/>
            <object_component_ref idref="oc-9f"/>
            <object_component_ref idref="oc-140"/>
            <object_component_ref idref="oc-bf"/>
            <object_component_ref idref="oc-1ba"/>
         </contents>
      </logical_group>
      <logical_group id="lg-1a7" display="never" color="cyan">
         <name>.debug_str</name>
         <load_address>0x0</load_address>
         <run_address>0x0</run_address>
         <size>0x8d4</size>
         <contents>
            <object_component_ref idref="oc-71"/>
            <object_component_ref idref="oc-37"/>
            <object_component_ref idref="oc-ae"/>
            <object_component_ref idref="oc-76"/>
            <object_component_ref idref="oc-133"/>
         </contents>
      </logical_group>
      <logical_group id="lg-1a9" display="never" color="cyan">
         <name>.debug_aranges</name>
         <load_address>0x0</load_address>
         <run_address>0x0</run_address>
         <size>0x280</size>
         <contents>
            <object_component_ref idref="oc-9a"/>
            <object_component_ref idref="oc-25"/>
            <object_component_ref idref="oc-c7"/>
            <object_component_ref idref="oc-c1"/>
            <object_component_ref idref="oc-dd"/>
            <object_component_ref idref="oc-e2"/>
            <object_component_ref idref="oc-d9"/>
            <object_component_ref idref="oc-e7"/>
            <object_component_ref idref="oc-cd"/>
            <object_component_ref idref="oc-ec"/>
            <object_component_ref idref="oc-39"/>
            <object_component_ref idref="oc-52"/>
            <object_component_ref idref="oc-f0"/>
            <object_component_ref idref="oc-96"/>
         </contents>
      </logical_group>
      <logical_group id="lg-1ab" display="never" color="cyan">
         <name>.debug_pubnames</name>
         <load_address>0x0</load_address>
         <run_address>0x0</run_address>
         <size>0x3f8</size>
         <contents>
            <object_component_ref idref="oc-d1"/>
            <object_component_ref idref="oc-d4"/>
            <object_component_ref idref="oc-9b"/>
            <object_component_ref idref="oc-11"/>
            <object_component_ref idref="oc-27"/>
            <object_component_ref idref="oc-c9"/>
            <object_component_ref idref="oc-c4"/>
            <object_component_ref idref="oc-dc"/>
            <object_component_ref idref="oc-e3"/>
            <object_component_ref idref="oc-d8"/>
            <object_component_ref idref="oc-e6"/>
            <object_component_ref idref="oc-cc"/>
            <object_component_ref idref="oc-eb"/>
            <object_component_ref idref="oc-3b"/>
            <object_component_ref idref="oc-23"/>
            <object_component_ref idref="oc-53"/>
            <object_component_ref idref="oc-f3"/>
            <object_component_ref idref="oc-97"/>
         </contents>
      </logical_group>
      <logical_group id="lg-1ad" display="never" color="cyan">
         <name>.debug_pubtypes</name>
         <load_address>0x0</load_address>
         <run_address>0x0</run_address>
         <size>0x755</size>
         <contents>
            <object_component_ref idref="oc-6e"/>
            <object_component_ref idref="oc-34"/>
            <object_component_ref idref="oc-ab"/>
            <object_component_ref idref="oc-73"/>
            <object_component_ref idref="oc-130"/>
         </contents>
      </logical_group>
      <load_segment id="lg-1bc" display="no" color="cyan">
         <name>SEGMENT_0</name>
         <load_address>0x0</load_address>
         <run_address>0x0</run_address>
         <size>0x14b0</size>
         <flags>0x5</flags>
         <contents>
            <logical_group_ref idref="lg-3"/>
            <logical_group_ref idref="lg-4"/>
            <logical_group_ref idref="lg-5"/>
         </contents>
      </load_segment>
      <load_segment id="lg-1bd" display="no" color="cyan">
         <name>SEGMENT_1</name>
         <run_address>0x20000000</run_address>
         <size>0x200</size>
         <flags>0x6</flags>
         <contents>
            <logical_group_ref idref="lg-d"/>
         </contents>
      </load_segment>
   </logical_group_list>
   <placement_map>
      <memory_area display="yes" color="green">
         <name>FLASH</name>
         <page_id>0x0</page_id>
         <origin>0x0</origin>
         <length>0x40000</length>
         <used_space>0x14ae</used_space>
         <unused_space>0x3eb52</unused_space>
         <attributes>RX</attributes>
         <usage_details>
            <allocated_space>
               <start_address>0x0</start_address>
               <size>0x26c</size>
               <logical_group_ref idref="lg-3"/>
            </allocated_space>
            <allocated_space>
               <start_address>0x26c</start_address>
               <size>0x1142</size>
               <logical_group_ref idref="lg-4"/>
            </allocated_space>
            <available_space>
               <start_address>0x13ae</start_address>
               <size>0x2</size>
            </available_space>
            <allocated_space>
               <start_address>0x13b0</start_address>
               <size>0x100</size>
               <logical_group_ref idref="lg-5"/>
            </allocated_space>
            <available_space>
               <start_address>0x14b0</start_address>
               <size>0x3eb50</size>
            </available_space>
         </usage_details>
      </memory_area>
      <memory_area display="yes" color="green">
         <name>SRAM</name>
         <page_id>0x0</page_id>
         <origin>0x20000000</origin>
         <length>0x8000</length>
         <used_space>0x200</used_space>
         <unused_space>0x7e00</unused_space>
         <attributes>RWX</attributes>
         <usage_details>
            <allocated_space>
               <start_address>0x20000000</start_address>
               <size>0x200</size>
               <logical_group_ref idref="lg-d"/>
            </allocated_space>
            <available_space>
               <start_address>0x20000200</start_address>
               <size>0x7e00</size>
            </available_space>
         </usage_details>
      </memory_area>
   </placement_map>
   <symbol_table>
      <symbol id="sm-1">
         <name>__STACK_TOP</name>
         <value>0x20000200</value>
      </symbol>
      <symbol id="sm-2">
         <name>binit</name>
         <value>0xffffffff</value>
      </symbol>
      <symbol id="sm-3">
         <name>__binit__</name>
         <value>0xffffffff</value>
      </symbol>
      <symbol id="sm-4">
         <name>__STACK_SIZE</name>
         <value>0x200</value>
      </symbol>
      <symbol id="sm-5">
         <name>__STACK_END</name>
         <value>0x20000200</value>
      </symbol>
      <symbol id="sm-6">
         <name>__c_args__</name>
         <value>0xffffffff</value>
      </symbol>
      <symbol id="sm-7">
         <name>__TI_pprof_out_hndl</name>
         <value>0xffffffff</value>
      </symbol>
      <symbol id="sm-8">
         <name>__TI_prof_data_start</name>
         <value>0xffffffff</value>
      </symbol>
      <symbol id="sm-9">
         <name>__TI_prof_data_size</name>
         <value>0xffffffff</value>
      </symbol>
      <symbol id="sm-a">
         <name>__TI_static_base__</name>
         <value>0x0</value>
      </symbol>
      <symbol id="sm-d9">
         <name>zeki</name>
         <value>0x94d</value>
         <object_component_ref idref="oc-98"/>
      </symbol>
      <symbol id="sm-da">
         <name>Write_Command</name>
         <value>0xabd</value>
         <object_component_ref idref="oc-98"/>
      </symbol>
      <symbol id="sm-db">
         <name>GPIO_PortAB_Ayar</name>
         <value>0xa19</value>
         <object_component_ref idref="oc-98"/>
      </symbol>
      <symbol id="sm-dc">
         <name>yazdir</name>
         <value>0x79f</value>
         <object_component_ref idref="oc-98"/>
      </symbol>
      <symbol id="sm-dd">
         <name>LCD1602_EkranPozisyon</name>
         <value>0xbe5</value>
         <object_component_ref idref="oc-98"/>
      </symbol>
      <symbol id="sm-de">
         <name>port_e</name>
         <value>0x8b1</value>
         <object_component_ref idref="oc-98"/>
      </symbol>
      <symbol id="sm-df">
         <name>SysTick_Delay1us</name>
         <value>0xc81</value>
         <object_component_ref idref="oc-98"/>
      </symbol>
      <symbol id="sm-e0">
         <name>main</name>
         <value>0x26d</value>
         <object_component_ref idref="oc-98"/>
      </symbol>
      <symbol id="sm-e1">
         <name>LCD1602_Temizle</name>
         <value>0xb79</value>
         <object_component_ref idref="oc-98"/>
      </symbol>
      <symbol id="sm-e2">
         <name>farkHesapla</name>
         <value>0x815</value>
         <object_component_ref idref="oc-98"/>
      </symbol>
      <symbol id="sm-e3">
         <name>paraBoz</name>
         <value>0x7c5</value>
         <object_component_ref idref="oc-98"/>
      </symbol>
      <symbol id="sm-e4">
         <name>SysTick_Delay</name>
         <value>0xc5b</value>
         <object_component_ref idref="oc-98"/>
      </symbol>
      <symbol id="sm-e5">
         <name>LCD1602_EkranChar</name>
         <value>0xb9f</value>
         <object_component_ref idref="oc-98"/>
      </symbol>
      <symbol id="sm-e6">
         <name>LCD1602_EkranDec</name>
         <value>0xbaf</value>
         <object_component_ref idref="oc-98"/>
      </symbol>
      <symbol id="sm-e7">
         <name>SysTick_Delay1ms</name>
         <value>0xcb1</value>
         <object_component_ref idref="oc-98"/>
      </symbol>
      <symbol id="sm-e8">
         <name>fputc</name>
         <value>0xc15</value>
         <object_component_ref idref="oc-98"/>
      </symbol>
      <symbol id="sm-e9">
         <name>sayiBastir</name>
         <value>0x86d</value>
         <object_component_ref idref="oc-98"/>
      </symbol>
      <symbol id="sm-ea">
         <name>SysTick_Ayar</name>
         <value>0xc4d</value>
         <object_component_ref idref="oc-98"/>
      </symbol>
      <symbol id="sm-eb">
         <name>islemciHiz</name>
         <value>0x8dd</value>
         <object_component_ref idref="oc-98"/>
      </symbol>
      <symbol id="sm-ec">
         <name>LCD1602_EkranString</name>
         <value>0xb83</value>
         <object_component_ref idref="oc-98"/>
      </symbol>
      <symbol id="sm-ed">
         <name>Write_Data</name>
         <value>0xb01</value>
         <object_component_ref idref="oc-98"/>
      </symbol>
      <symbol id="sm-ee">
         <name>LCD1602_Ayar</name>
         <value>0xb3b</value>
         <object_component_ref idref="oc-98"/>
      </symbol>
      <symbol id="sm-10a">
         <name>ResetISR</name>
         <value>0x139b</value>
         <object_component_ref idref="oc-24"/>
      </symbol>
      <symbol id="sm-10b">
         <name>g_pfnVectors</name>
         <value>0x0</value>
         <object_component_ref idref="oc-f"/>
      </symbol>
      <symbol id="sm-123">
         <name>__aeabi_dsub</name>
         <value>0xd21</value>
         <object_component_ref idref="oc-c5"/>
      </symbol>
      <symbol id="sm-124">
         <name>__aeabi_dadd</name>
         <value>0xd2b</value>
         <object_component_ref idref="oc-c5"/>
      </symbol>
      <symbol id="sm-146">
         <name>__aeabi_cdcmpeq</name>
         <value>0x11a5</value>
         <object_component_ref idref="oc-c0"/>
      </symbol>
      <symbol id="sm-147">
         <name>__aeabi_cdcmple</name>
         <value>0x11a5</value>
         <object_component_ref idref="oc-c0"/>
      </symbol>
      <symbol id="sm-148">
         <name>__aeabi_cdrcmple</name>
         <value>0x122b</value>
         <object_component_ref idref="oc-da"/>
      </symbol>
      <symbol id="sm-15c">
         <name>__aeabi_ddiv</name>
         <value>0xed7</value>
         <object_component_ref idref="oc-df"/>
      </symbol>
      <symbol id="sm-167">
         <name>__aeabi_dmul</name>
         <value>0x100d</value>
         <object_component_ref idref="oc-d5"/>
      </symbol>
      <symbol id="sm-171">
         <name>__aeabi_d2iz</name>
         <value>0x12b1</value>
         <object_component_ref idref="oc-e4"/>
      </symbol>
      <symbol id="sm-17b">
         <name>__aeabi_d2uiz</name>
         <value>0x12f9</value>
         <object_component_ref idref="oc-ca"/>
      </symbol>
      <symbol id="sm-185">
         <name>__aeabi_i2d</name>
         <value>0x136d</value>
         <object_component_ref idref="oc-e9"/>
      </symbol>
      <symbol id="sm-1a0">
         <name>memcpy</name>
         <value>0x1109</value>
         <object_component_ref idref="oc-38"/>
      </symbol>
      <symbol id="sm-1a1">
         <name>__aeabi_memcpy</name>
         <value>0x1109</value>
         <object_component_ref idref="oc-38"/>
      </symbol>
      <symbol id="sm-1a2">
         <name>__aeabi_memcpy8</name>
         <value>0x1109</value>
         <object_component_ref idref="oc-38"/>
      </symbol>
      <symbol id="sm-1a3">
         <name>__aeabi_memcpy4</name>
         <value>0x1109</value>
         <object_component_ref idref="oc-38"/>
      </symbol>
      <symbol id="sm-1b8">
         <name>_c_int00_noinit_noargs</name>
         <value>0x133d</value>
         <object_component_ref idref="oc-50"/>
      </symbol>
      <symbol id="sm-1b9">
         <name>__stack</name>
         <value>0x20000000</value>
         <object_component_ref idref="oc-21"/>
      </symbol>
      <symbol id="sm-1c4">
         <name>C$$EXIT</name>
         <value>0x13ab</value>
         <object_component_ref idref="oc-ef"/>
      </symbol>
      <symbol id="sm-1c5">
         <name>abort</name>
         <value>0x13ab</value>
         <object_component_ref idref="oc-ef"/>
      </symbol>
      <symbol id="sm-1d3">
         <name>_system_pre_init</name>
         <value>0x13a7</value>
         <object_component_ref idref="oc-92"/>
      </symbol>
      <symbol id="sm-1d5">
         <name>__mpu_init</name>
         <value>0x0</value>
      </symbol>
   </symbol_table>
   <title>Link successful</title>
</link_info>
